<beans xmlns="http://www.springframework.org/schema/beans"
       xmlns:xsi="http://www.w3.org/2001/XMLSchema-instance"
       xsi:schemaLocation="http://www.springframework.org/schema/beans http://www.springframework.org/schema/beans/spring-beans-3.1.xsd">

    <bean id="proxyAuthenticationProcessingFilter" class="com.jaspersoft.jasperserver.api.security.EncryptionAuthenticationProcessingFilter"
          parent="authenticationProcessingFilter">
        <property name="authenticationManager">
            <ref local="dbAuthenticationManager"/>
        </property>

        <property name="authenticationSuccessHandler" ref="externalAuthSuccessHandler" />
    </bean>

    <bean id="proxyAuthenticationSoapProcessingFilter"
          class="com.jaspersoft.jasperserver.api.security.externalAuth.DefaultAuthenticationSoapProcessingFilter">
        <property name="authenticationManager" ref="dbAuthenticationManager"/>
        <property name="authenticationSuccessHandler" ref="externalAuthSuccessHandler" />

        <property name="filterProcessesUrl" value="/services"/>
    </bean>

    <bean id="proxyAuthenticationRestProcessingFilter" class="com.jaspersoft.jasperserver.api.security.externalAuth.DefaultAuthenticationRestProcessingFilter">
        <property name="authenticationManager">
            <ref local="dbAuthenticationManager"/>
        </property>
        <property name="authenticationSuccessHandler" ref="externalAuthSuccessHandler" />
        <property name="filterProcessesUrl" value="/rest/login"/>
    </bean>

    <bean id="proxyRequestParameterAuthenticationFilter"
          class="com.jaspersoft.jasperserver.war.util.ExternalRequestParameterAuthenticationFilter" parent="requestParameterAuthenticationFilter">
        <property name="authenticationManager">
            <ref local="dbAuthenticationManager"/>
        </property>
        <property name="externalDataSynchronizer" ref="externalDataSynchronizer"/>
    </bean>

    <bean id="externalAuthSuccessHandler"
          class="com.jaspersoft.jasperserver.api.security.externalAuth.JrsExternalAuthenticationSuccessHandler" parent="successHandler">
        <property name="externalDataSynchronizer">
            <ref local="externalDataSynchronizer"/>
        </property>
    </bean>

    <bean id="proxyBasicProcessingFilter"
          class="com.jaspersoft.jasperserver.api.security.externalAuth.ExternalAuthBasicProcessingFilter" parent="basicProcessingFilter">
        <property name="authenticationManager" ref="dbAuthenticationManager"/>
        <property name="externalDataSynchronizer" ref="externalDataSynchronizer"/>

        <property name="authenticationEntryPoint">
            <ref local="basicProcessingFilterEntryPoint"/>
        </property>
    </bean>

    <bean id="dbAuthenticationManager" class="com.jaspersoft.jasperserver.api.security.externalAuth.wrappers.spring.JSProviderManager">
        <property name="providers">
            <list>
                <ref bean="externalDaoAuthenticationProvider"/>
                <ref bean="${bean.daoAuthenticationProvider}"/>
            </list>
        </property>
    </bean>

    <bean id="externalDaoAuthenticationProvider" class="com.jaspersoft.jasperserver.api.security.externalAuth.wrappers.spring.jdbc.JSDaoAuthenticationProvider">
        <property name="userDetailsService"><ref local="externalUserDetailsService"/></property>
        <property name="passwordEncoder"><ref local="passwordValidator"/></property>
    </bean>

    <bean id="externalUserDetailsService" class="com.jaspersoft.jasperserver.api.security.externalAuth.db.ExternalJDBCUserDetailsService">
        <property name="dataSource" ref="externalDataSource"/>
        <property name="usersByUsernameQuery" value="SELECT u.user, c.password, u.active FROM user u INNER JOIN credential c ON (u.idUser=c.idUser) WHERE u.user=?"/>
        <property name="authoritiesByUsernameQuery" value="SELECT user, role FROM
                  (
                             SELECT u.user, r.name AS role FROM kinton.user u, kinton.role r WHERE u.idRole=r.idRole
                                        UNION
                                                   SELECT user, 'ABQ_DC_ADMIN' AS role FROM kinton.user u, kinton.role r, kinton.roles_privileges rp, kinton.privilege p
                                                               WHERE u.idRole=r.idRole AND rp.idRole=r.idRole AND rp.idPrivilege=p.idPrivilege AND p.name='PHYS_DC_RETRIEVE_DETAILS'
                                                                         ) union_wrapper
                                                                                   WHERE user=?"/>
    </bean>

    <bean id="passwordValidator" class="org.springframework.security.crypto.bcrypt.BCryptPasswordEncoder" />

    <bean id="externalDataSynchronizer"
          class="com.jaspersoft.jasperserver.api.security.externalAuth.ExternalDataSynchronizerImpl">
        <property name="externalUserDetailsService">
            <ref local="externalUserDetailsService"/>
        </property>
        <property name="externalUserProcessors">
            <list>
                <ref local="externalUserSetupProcessor"/>
            </list>
        </property>
    </bean>

    <bean id="abstractExternalProcessor" class="com.jaspersoft.jasperserver.api.security.externalAuth.processors.AbstractExternalUserProcessor" abstract="true">
        <property name="repositoryService" ref="${bean.repositoryService}"/>
        <property name="userAuthorityService" ref="${bean.userAuthorityService}"/>
        <property name="tenantService" ref="${bean.tenantService}"/>
        <property name="profileAttributeService" ref="profileAttributeService"/>
        <property name="objectPermissionService" ref="objectPermissionService"/>
    </bean>

    <bean id="externalUserSetupProcessor" class="com.jaspersoft.jasperserver.api.security.externalAuth.processors.ExternalUserSetupProcessor" parent="abstractExternalProcessor">

        <property name="userAuthorityService">
            <ref bean="${bean.internalUserAuthorityService}"/>
        </property>

        <property name="organizationRoleMap">

            <map>
                 <entry>
                    <key> <value>CLOUD_ADMIN</value> </key>   <value>ROLE_ADMINISTRATOR</value>
                 </entry>

                <entry>
                    <key> <value>ENTERPRISE_ADMIN</value> </key>   <value>ROLE_ABIQUO_ENTERPRISE_ADMIN</value>
                 </entry>

                <entry>
                     <key> <value>ABQ_DC_ADMIN</value> </key>   <value>ROLE_ABIQUO_DATACENTER_ADMIN</value>
                </entry>
           </map>

        </property>

        <property name="defaultInternalRoles">
            <list>
                <value>ROLE_USER</value>
            </list>
        </property>
    </bean>

    <bean id="externalDataSource" class="com.jaspersoft.jasperserver.api.security.externalAuth.wrappers.spring.jdbc.JSDriverManagerDataSource">

        <property name="url" value="jdbc:mariadb://<DBMS_HOST>:<DBMS_PORT>/kinton"/>

        <property name="username" value="<DBMS_USER>"/>
        <property name="password" value="<DBMS_PASS>"/>

        <property name="driverClassName" value="org.mariadb.jdbc.Driver"/>

    </bean>

</beans>
